{
	  "arguments": {
    "game": [
      "--username",
      "${auth_player_name}",
      "--version",
      "${version_name}",
      "--gameDir",
      "${game_directory}",
      "--assetsDir",
      "${assets_root}",
      "--assetIndex",
      "${assets_index_name}",
      "--uuid",
      "${auth_uuid}",
      "--accessToken",
      "${auth_access_token}",
	  "--userProperties",
	  "${user_properties}",
      "--userType",
      "${user_type}",
      {
        "rules": [
          {
            "action": "allow",
            "features": {
              "has_custom_resolution": true
            }
          }
        ],
        "value": [
          "--width",
          "${resolution_width}",
          "--height",
          "${resolution_height}"
        ]
      }
    ],
    "jvm": [
      {
        "rules": [
          {
            "action": "allow",
            "os": {
              "name": "osx"
            }
          }
        ],
        "value": [
          "-XstartOnFirstThread"
        ]
      },
      {
        "rules": [
          {
            "action": "allow",
            "os": {
              "name": "windows"
            }
          }
        ],
        "value": "-XX:HeapDumpPath=MojangTricksIntelDriversForPerformance_javaw.exe_minecraft.exe.heapdump"
      },
      {
        "rules": [
          {
            "action": "allow",
            "os": {
              "arch": "x86"
            }
          }
        ],
        "value": "-Xss1M"
      },
      "-Djava.library.path=${natives_directory}",
      "-Djna.tmpdir=${natives_directory}",
      "-Dorg.lwjgl.system.SharedLibraryExtractPath=${natives_directory}",
      "-Dio.netty.native.workdir=${natives_directory}",
      "-Dminecraft.launcher.brand=${launcher_name}",
      "-Dminecraft.launcher.version=${launcher_version}",
      "-cp",
      "${classpath}"
    ]
  },
  "id": "minebuilders",
  "time": "2015-07-27T03:31:28-07:00",
  "releaseTime": "2015-07-27T03:31:28-07:00",
  "type": "release",
  "minecraftArgumentsUnused": "--username ${auth_player_name} --version ${version_name} --gameDir ${game_directory} --assetsDir ${assets_root} --assetIndex ${assets_index_name} --uuid ${auth_uuid} --accessToken ${auth_access_token} --userProperties ${user_properties} --userType ${user_type}",
  "mainClass": "net.minecraft.client.main.Main",
  "minimumLauncherVersion": 21,
  "assets": "1.8",
  "javaVersion": {
    "component": "java-runtime-delta",
    "majorVersion": 21
  },
   "libraries":[
{
    "name": "net.minecraft:launchwrapper:1.12",
    "downloads": {
        "artifact": {
            "path": "net/minecraft/launchwrapper/1.12/launchwrapper-1.12.jar",
            "sha1": "111e7bea9c968cdb3d06ef4632bf7ff0824d0f36",
            "size": 32999,
            "url": "https://libraries.minecraft.net/net/minecraft/launchwrapper/1.12/launchwrapper-1.12.jar"
        }
    }
},
{
    "name": "org.ow2.asm:asm-all:5.0.3",
    "downloads": {
        "artifact": {
            "path": "org/ow2/asm/asm-all/5.0.3/asm-all-5.0.3.jar",
            "sha1": "4333508b8dd8ee72aa4e39afa713b3a74579b773",
            "size": 241639,
            "url": "https://libraries.minecraft.net/org/ow2/asm/asm-all/5.0.3/asm-all-5.0.3.jar"
        }
    }
},
      {
         "downloads":{
            "artifact":{
               "path":"java3d/vecmath/1.5.2/vecmath-1.5.2.jar",
               "sha1":"79846ba34cbd89e2422d74d53752f993dcc2ccaf",
               "size":318956,
               "url":"https://libraries.minecraft.net/java3d/vecmath/1.5.2/vecmath-1.5.2.jar"
            }
         },
         "name":"java3d:vecmath:1.5.2"
      },
      {
         "downloads":{
            "artifact":{
               "path":"net/sf/trove4j/trove4j/3.0.3/trove4j-3.0.3.jar",
               "sha1":"42ccaf4761f0dfdfa805c9e340d99a755907e2dd",
               "size":2523218,
               "url":"https://libraries.minecraft.net/net/sf/trove4j/trove4j/3.0.3/trove4j-3.0.3.jar"
            }
         },
         "name":"net.sf.trove4j:trove4j:3.0.3"
      },
      {
         "downloads":{
            "artifact":{
               "path":"com/ibm/icu/icu4j-core-mojang/51.2/icu4j-core-mojang-51.2.jar",
               "sha1":"63d216a9311cca6be337c1e458e587f99d382b84",
               "size":1634692,
               "url":"https://libraries.minecraft.net/com/ibm/icu/icu4j-core-mojang/51.2/icu4j-core-mojang-51.2.jar"
            }
         },
         "name":"com.ibm.icu:icu4j-core-mojang:51.2"
      },
      {
         "downloads":{
            "artifact":{
               "path":"net/sf/jopt-simple/jopt-simple/4.6/jopt-simple-4.6.jar",
               "sha1":"306816fb57cf94f108a43c95731b08934dcae15c",
               "size":62477,
               "url":"https://libraries.minecraft.net/net/sf/jopt-simple/jopt-simple/4.6/jopt-simple-4.6.jar"
            }
         },
         "name":"net.sf.jopt-simple:jopt-simple:4.6"
      },
      {
         "downloads":{
            "artifact":{
               "path":"com/paulscode/codecjorbis/20101023/codecjorbis-20101023.jar",
               "sha1":"c73b5636faf089d9f00e8732a829577de25237ee",
               "size":103871,
               "url":"https://libraries.minecraft.net/com/paulscode/codecjorbis/20101023/codecjorbis-20101023.jar"
            }
         },
         "name":"com.paulscode:codecjorbis:20101023"
      },
      {
         "downloads":{
            "artifact":{
               "path":"com/paulscode/codecwav/20101023/codecwav-20101023.jar",
               "sha1":"12f031cfe88fef5c1dd36c563c0a3a69bd7261da",
               "size":5618,
               "url":"https://libraries.minecraft.net/com/paulscode/codecwav/20101023/codecwav-20101023.jar"
            }
         },
         "name":"com.paulscode:codecwav:20101023"
      },
      {
         "downloads":{
            "artifact":{
               "path":"com/paulscode/libraryjavasound/20101123/libraryjavasound-20101123.jar",
               "sha1":"5c5e304366f75f9eaa2e8cca546a1fb6109348b3",
               "size":21679,
               "url":"https://libraries.minecraft.net/com/paulscode/libraryjavasound/20101123/libraryjavasound-20101123.jar"
            }
         },
         "name":"com.paulscode:libraryjavasound:20101123"
      },
      {
         "downloads":{
            "artifact":{
               "path":"com/paulscode/soundsystem/20120107/soundsystem-20120107.jar",
               "sha1":"419c05fe9be71f792b2d76cfc9b67f1ed0fec7f6",
               "size":65020,
               "url":"https://libraries.minecraft.net/com/paulscode/soundsystem/20120107/soundsystem-20120107.jar"
            }
         },
         "name":"com.paulscode:soundsystem:20120107"
      },
 
      {
         "downloads":{
            "artifact":{
               "path":"com/google/guava/guava/17.0/guava-17.0.jar",
               "sha1":"9c6ef172e8de35fd8d4d8783e4821e57cdef7445",
               "size":2243036,
               "url":"https://libraries.minecraft.net/com/google/guava/guava/17.0/guava-17.0.jar"
            }
         },
         "name":"com.google.guava:guava:17.0"
      },
      {
         "downloads":{
            "artifact":{
               "path":"org/apache/commons/commons-lang3/3.3.2/commons-lang3-3.3.2.jar",
               "sha1":"90a3822c38ec8c996e84c16a3477ef632cbc87a3",
               "size":412739,
               "url":"https://libraries.minecraft.net/org/apache/commons/commons-lang3/3.3.2/commons-lang3-3.3.2.jar"
            }
         },
         "name":"org.apache.commons:commons-lang3:3.3.2"
      },
      {
         "downloads":{
            "artifact":{
               "path":"commons-io/commons-io/2.4/commons-io-2.4.jar",
               "sha1":"b1b6ea3b7e4aa4f492509a4952029cd8e48019ad",
               "size":185140,
               "url":"https://libraries.minecraft.net/commons-io/commons-io/2.4/commons-io-2.4.jar"
            }
         },
         "name":"commons-io:commons-io:2.4"
      },
      {
         "downloads":{
            "artifact":{
               "path":"commons-codec/commons-codec/1.9/commons-codec-1.9.jar",
               "sha1":"9ce04e34240f674bc72680f8b843b1457383161a",
               "size":263965,
               "url":"https://libraries.minecraft.net/commons-codec/commons-codec/1.9/commons-codec-1.9.jar"
            }
         },
         "name":"commons-codec:commons-codec:1.9"
      },
      {
         "downloads":{
            "artifact":{
               "path":"com/google/code/gson/gson/2.2.4/gson-2.2.4.jar",
               "sha1":"a60a5e993c98c864010053cb901b7eab25306568",
               "size":190432,
               "url":"https://libraries.minecraft.net/com/google/code/gson/gson/2.2.4/gson-2.2.4.jar"
            }
         },
         "name":"com.google.code.gson:gson:2.2.4"
      },
      {
         "downloads":{
            "artifact":{
               "path":"com/mojang/authlib/1.5.21/authlib-1.5.21.jar",
               "sha1":"aefba0d5b53fbcb70860bc8046ab95d5854c07a5",
               "size":64412,
               "url":"https://libraries.minecraft.net/com/mojang/authlib/1.5.21/authlib-1.5.21.jar"
            }
         },
         "name":"com.mojang:authlib:1.5.21"
      },
      {
         "downloads":{
            "artifact":{
               "path":"com/mojang/realms/1.7.59/realms-1.7.59.jar",
               "sha1":"9c6c59b742d8e038a15f64c1aa273a893a658424",
               "size":1198123,
               "url":"https://libraries.minecraft.net/com/mojang/realms/1.7.59/realms-1.7.59.jar"
            }
         },
         "name":"com.mojang:realms:1.7.59"
      },
    {
      "downloads": {
        "artifact": {
          "path": "net/java/dev/jna/jna/5.13.0/jna-5.13.0.jar",
          "sha1": "1200e7ebeedbe0d10062093f32925a912020e747",
          "size": 1879325,
          "url": "https://libraries.minecraft.net/net/java/dev/jna/jna/5.13.0/jna-5.13.0.jar"
        }
      },
      "name": "net.java.dev.jna:jna:5.13.0"
    },
    {
      "downloads": {
        "artifact": {
          "path": "net/java/dev/jna/jna-platform/5.13.0/jna-platform-5.13.0.jar",
          "sha1": "88e9a306715e9379f3122415ef4ae759a352640d",
          "size": 1363209,
          "url": "https://libraries.minecraft.net/net/java/dev/jna/jna-platform/5.13.0/jna-platform-5.13.0.jar"
        }
      },
      "name": "net.java.dev.jna:jna-platform:5.13.0"
    },
      {
         "downloads":{
            "artifact":{
               "path":"org/apache/commons/commons-compress/1.8.1/commons-compress-1.8.1.jar",
               "sha1":"a698750c16740fd5b3871425f4cb3bbaa87f529d",
               "size":365552,
               "url":"https://libraries.minecraft.net/org/apache/commons/commons-compress/1.8.1/commons-compress-1.8.1.jar"
            }
         },
         "name":"org.apache.commons:commons-compress:1.8.1"
      },
      {
         "downloads":{
            "artifact":{
               "path":"org/apache/httpcomponents/httpclient/4.3.3/httpclient-4.3.3.jar",
               "sha1":"18f4247ff4572a074444572cee34647c43e7c9c7",
               "size":589512,
               "url":"https://libraries.minecraft.net/org/apache/httpcomponents/httpclient/4.3.3/httpclient-4.3.3.jar"
            }
         },
         "name":"org.apache.httpcomponents:httpclient:4.3.3"
      },
      {
         "downloads":{
            "artifact":{
               "path":"commons-logging/commons-logging/1.1.3/commons-logging-1.1.3.jar",
               "sha1":"f6f66e966c70a83ffbdb6f17a0919eaf7c8aca7f",
               "size":62050,
               "url":"https://libraries.minecraft.net/commons-logging/commons-logging/1.1.3/commons-logging-1.1.3.jar"
            }
         },
         "name":"commons-logging:commons-logging:1.1.3"
      },
      {
         "downloads":{
            "artifact":{
               "path":"org/apache/httpcomponents/httpcore/4.3.2/httpcore-4.3.2.jar",
               "sha1":"31fbbff1ddbf98f3aa7377c94d33b0447c646b6e",
               "size":282269,
               "url":"https://libraries.minecraft.net/org/apache/httpcomponents/httpcore/4.3.2/httpcore-4.3.2.jar"
            }
         },
         "name":"org.apache.httpcomponents:httpcore:4.3.2"
      },
      {
         "downloads":{
            "artifact":{
               "path":"org/apache/logging/log4j/log4j-api/2.0-beta9/log4j-api-2.0-beta9.jar",
               "sha1":"1dd66e68cccd907880229f9e2de1314bd13ff785",
               "size":108161,
               "url":"https://libraries.minecraft.net/org/apache/logging/log4j/log4j-api/2.0-beta9/log4j-api-2.0-beta9.jar"
            }
         },
         "name":"org.apache.logging.log4j:log4j-api:2.0-beta9"
      },
      {
         "downloads":{
            "artifact":{
               "path":"org/apache/logging/log4j/log4j-core/2.0-beta9/log4j-core-2.0-beta9.jar",
               "sha1":"678861ba1b2e1fccb594bb0ca03114bb05da9695",
               "size":681134,
               "url":"https://libraries.minecraft.net/org/apache/logging/log4j/log4j-core/2.0-beta9/log4j-core-2.0-beta9.jar"
            }
         },
         "name":"org.apache.logging.log4j:log4j-core:2.0-beta9"
      },
    {
      "downloads": {
        "artifact": {
          "path": "io/netty/netty-buffer/4.1.118.Final/netty-buffer-4.1.118.Final.jar",
          "sha1": "7022990af1e0d449f9d5322035899745e19735c5",
          "size": 339045,
          "url": "https://libraries.minecraft.net/io/netty/netty-buffer/4.1.118.Final/netty-buffer-4.1.118.Final.jar"
        }
      },
      "name": "io.netty:netty-buffer:4.1.118.Final"
    },
    {
      "downloads": {
        "artifact": {
          "path": "io/netty/netty-codec/4.1.118.Final/netty-codec-4.1.118.Final.jar",
          "sha1": "307f665c08ce57333121de4f460479fc0c3c94d4",
          "size": 355199,
          "url": "https://libraries.minecraft.net/io/netty/netty-codec/4.1.118.Final/netty-codec-4.1.118.Final.jar"
        }
      },
      "name": "io.netty:netty-codec:4.1.118.Final"
    },
    {
      "downloads": {
        "artifact": {
          "path": "io/netty/netty-common/4.1.118.Final/netty-common-4.1.118.Final.jar",
          "sha1": "4bb0f9899146484fa89f7b9bc27389d5b8e2ecde",
          "size": 719225,
          "url": "https://libraries.minecraft.net/io/netty/netty-common/4.1.118.Final/netty-common-4.1.118.Final.jar"
        }
      },
      "name": "io.netty:netty-common:4.1.118.Final"
    },
    {
      "downloads": {
        "artifact": {
          "path": "io/netty/netty-handler/4.1.118.Final/netty-handler-4.1.118.Final.jar",
          "sha1": "30ebb05b6b0fb071dbfcf713017c4a767a97bb9b",
          "size": 580162,
          "url": "https://libraries.minecraft.net/io/netty/netty-handler/4.1.118.Final/netty-handler-4.1.118.Final.jar"
        }
      },
      "name": "io.netty:netty-handler:4.1.118.Final"
    },
    {
      "downloads": {
        "artifact": {
          "path": "io/netty/netty-resolver/4.1.118.Final/netty-resolver-4.1.118.Final.jar",
          "sha1": "28c378c19c1779eca1104b400452627f3ebc4aea",
          "size": 37842,
          "url": "https://libraries.minecraft.net/io/netty/netty-resolver/4.1.118.Final/netty-resolver-4.1.118.Final.jar"
        }
      },
      "name": "io.netty:netty-resolver:4.1.118.Final"
    },
    {
      "downloads": {
        "artifact": {
          "path": "io/netty/netty-transport-classes-epoll/4.1.118.Final/netty-transport-classes-epoll-4.1.118.Final.jar",
          "sha1": "376ce95507066f0e755d97c1c8bcd6c33f657617",
          "size": 147621,
          "url": "https://libraries.minecraft.net/io/netty/netty-transport-classes-epoll/4.1.118.Final/netty-transport-classes-epoll-4.1.118.Final.jar"
        }
      },
      "name": "io.netty:netty-transport-classes-epoll:4.1.118.Final"
    },
    {
      "downloads": {
        "artifact": {
          "path": "io/netty/netty-transport-native-epoll/4.1.118.Final/netty-transport-native-epoll-4.1.118.Final-linux-aarch_64.jar",
          "sha1": "82f94d0a9d837f6b6a580379373310ff7288c0f8",
          "size": 42321,
          "url": "https://libraries.minecraft.net/io/netty/netty-transport-native-epoll/4.1.118.Final/netty-transport-native-epoll-4.1.118.Final-linux-aarch_64.jar"
        }
      },
      "name": "io.netty:netty-transport-native-epoll:4.1.118.Final:linux-aarch_64",
      "rules": [
        {
          "action": "allow",
          "os": {
            "name": "linux"
          }
        }
      ]
    },
    {
      "downloads": {
        "artifact": {
          "path": "io/netty/netty-transport-native-epoll/4.1.118.Final/netty-transport-native-epoll-4.1.118.Final-linux-x86_64.jar",
          "sha1": "7e6b89e3746acb7cf6f0aad993bbd058fc6d912e",
          "size": 40644,
          "url": "https://libraries.minecraft.net/io/netty/netty-transport-native-epoll/4.1.118.Final/netty-transport-native-epoll-4.1.118.Final-linux-x86_64.jar"
        }
      },
      "name": "io.netty:netty-transport-native-epoll:4.1.118.Final:linux-x86_64",
      "rules": [
        {
          "action": "allow",
          "os": {
            "name": "linux"
          }
        }
      ]
    },
    {
      "downloads": {
        "artifact": {
          "path": "io/netty/netty-transport-native-unix-common/4.1.118.Final/netty-transport-native-unix-common-4.1.118.Final.jar",
          "sha1": "9da25a94e6a0edac90da0bc7894e5a54efcb866b",
          "size": 44157,
          "url": "https://libraries.minecraft.net/io/netty/netty-transport-native-unix-common/4.1.118.Final/netty-transport-native-unix-common-4.1.118.Final.jar"
        }
      },
      "name": "io.netty:netty-transport-native-unix-common:4.1.118.Final"
    },
    {
      "downloads": {
        "artifact": {
          "path": "io/netty/netty-transport/4.1.118.Final/netty-transport-4.1.118.Final.jar",
          "sha1": "5a27232e5d08218722d94ca14f0b1b4576e7711c",
          "size": 521428,
          "url": "https://libraries.minecraft.net/io/netty/netty-transport/4.1.118.Final/netty-transport-4.1.118.Final.jar"
        }
      },
      "name": "io.netty:netty-transport:4.1.118.Final"
    },
	 {
      "downloads": {
        "artifact": {
          "path": "org/lwjgl/lwjgl/3.3.2/lwjgl-3.3.2-natives-linux.jar",
          "sha1": "767684973f259d97e7dc66a125eb153986f177e7",
          "size": 114144,
          "url": "https://libraries.minecraft.net/org/lwjgl/lwjgl/3.3.2/lwjgl-3.3.2-natives-linux.jar"
        }
      },
      "name": "org.lwjgl:lwjgl:3.3.2:natives-linux",
      "rules": [
        {
          "action": "allow",
          "os": {
            "name": "linux"
          }
        }
      ]
    },
    {
      "downloads": {
        "artifact": {
          "path": "org/lwjgl/lwjgl/3.3.2/lwjgl-3.3.2-natives-macos.jar",
          "sha1": "3256dce7fa36d6b572afa5e5730f532cf987f3bf",
          "size": 60240,
          "url": "https://libraries.minecraft.net/org/lwjgl/lwjgl/3.3.2/lwjgl-3.3.2-natives-macos.jar"
        }
      },
      "name": "org.lwjgl:lwjgl:3.3.2:natives-macos",
      "rules": [
        {
          "action": "allow",
          "os": {
            "name": "osx"
          }
        }
      ]
    },
    {
      "downloads": {
        "artifact": {
          "path": "org/lwjgl/lwjgl/3.3.2/lwjgl-3.3.2-natives-macos-arm64.jar",
          "sha1": "319eea74a8829ce92fd54ce7c684b6b6557c05bb",
          "size": 48270,
          "url": "https://libraries.minecraft.net/org/lwjgl/lwjgl/3.3.2/lwjgl-3.3.2-natives-macos-arm64.jar"
        }
      },
      "name": "org.lwjgl:lwjgl:3.3.2:natives-macos-arm64",
      "rules": [
        {
          "action": "allow",
          "os": {
            "name": "osx"
          }
        }
      ]
    },
    {
      "downloads": {
        "artifact": {
          "path": "org/lwjgl/lwjgl/3.3.2/lwjgl-3.3.2-natives-windows.jar",
          "sha1": "a55169ced70ffcd15f2162daf4a9c968578f6cd5",
          "size": 164993,
          "url": "https://libraries.minecraft.net/org/lwjgl/lwjgl/3.3.2/lwjgl-3.3.2-natives-windows.jar"
        }
      },
      "name": "org.lwjgl:lwjgl:3.3.2:natives-windows",
      "rules": [
        {
          "action": "allow",
          "os": {
            "name": "windows"
          }
        }
      ]
    },
    {
      "downloads": {
        "artifact": {
          "path": "org/lwjgl/lwjgl/3.3.2/lwjgl-3.3.2-natives-windows-arm64.jar",
          "sha1": "d900e4678449ba97ff46fa64b22e0376bf8cd00e",
          "size": 133200,
          "url": "https://libraries.minecraft.net/org/lwjgl/lwjgl/3.3.2/lwjgl-3.3.2-natives-windows-arm64.jar"
        }
      },
      "name": "org.lwjgl:lwjgl:3.3.2:natives-windows-arm64",
      "rules": [
        {
          "action": "allow",
          "os": {
            "name": "windows"
          }
        }
      ]
    },
    {
      "downloads": {
        "artifact": {
          "path": "org/lwjgl/lwjgl/3.3.2/lwjgl-3.3.2-natives-windows-x86.jar",
          "sha1": "ed495259b2c8f068794da0ffedfa7ae7c130b3c5",
          "size": 139365,
          "url": "https://libraries.minecraft.net/org/lwjgl/lwjgl/3.3.2/lwjgl-3.3.2-natives-windows-x86.jar"
        }
      },
      "name": "org.lwjgl:lwjgl:3.3.2:natives-windows-x86",
      "rules": [
        {
          "action": "allow",
          "os": {
            "name": "windows"
          }
        }
      ]
    },
    {
      "downloads": {
        "artifact": {
          "path": "org/lwjgl/lwjgl-tinyfd/3.3.2/lwjgl-tinyfd-3.3.2-natives-windows-x86.jar",
          "sha1": "0c1dfa1c438e0262453e7bf625289540e5cbffb2",
          "size": 111596,
          "url": "https://libraries.minecraft.net/org/lwjgl/lwjgl-tinyfd/3.3.2/lwjgl-tinyfd-3.3.2-natives-windows-x86.jar"
        }
      },
      "name": "org.lwjgl:lwjgl-tinyfd:3.3.2:natives-windows-x86",
      "rules": [
        {
          "action": "allow",
          "os": {
            "name": "windows"
          }
        }
      ]
    },
    {
      "downloads": {
        "artifact": {
          "path": "org/lwjgl/lwjgl-tinyfd/3.3.2/lwjgl-tinyfd-3.3.2-natives-windows-arm64.jar",
          "sha1": "500f5daa3b731ca282d4b90aeafda94c528d3e27",
          "size": 110758,
          "url": "https://libraries.minecraft.net/org/lwjgl/lwjgl-tinyfd/3.3.2/lwjgl-tinyfd-3.3.2-natives-windows-arm64.jar"
        }
      },
      "name": "org.lwjgl:lwjgl-tinyfd:3.3.2:natives-windows-arm64",
      "rules": [
        {
          "action": "allow",
          "os": {
            "name": "windows"
          }
        }
      ]
    },
    {
      "downloads": {
        "artifact": {
          "path": "org/lwjgl/lwjgl-tinyfd/3.3.2/lwjgl-tinyfd-3.3.2-natives-linux.jar",
          "sha1": "05d27fc67172b3fcd8400d61a7cfb75da881f609",
          "size": 43961,
          "url": "https://libraries.minecraft.net/org/lwjgl/lwjgl-tinyfd/3.3.2/lwjgl-tinyfd-3.3.2-natives-linux.jar"
        }
      },
      "name": "org.lwjgl:lwjgl-tinyfd:3.3.2:natives-linux",
      "rules": [
        {
          "action": "allow",
          "os": {
            "name": "linux"
          }
        }
      ]
    },
    {
      "downloads": {
        "artifact": {
          "path": "org/lwjgl/lwjgl-tinyfd/3.3.2/lwjgl-tinyfd-3.3.2-natives-macos.jar",
          "sha1": "ce88dcda2fffe5d912de8ea1dabd68490a8f8471",
          "size": 45096,
          "url": "https://libraries.minecraft.net/org/lwjgl/lwjgl-tinyfd/3.3.2/lwjgl-tinyfd-3.3.2-natives-macos.jar"
        }
      },
      "name": "org.lwjgl:lwjgl-tinyfd:3.3.2:natives-macos",
      "rules": [
        {
          "action": "allow",
          "os": {
            "name": "osx"
          }
        }
      ]
    },
    {
      "downloads": {
        "artifact": {
          "path": "org/lwjgl/lwjgl-tinyfd/3.3.2/lwjgl-tinyfd-3.3.2-natives-macos-arm64.jar",
          "sha1": "0b4aa34d244c75bcbb78d6cdb0b41200348da330",
          "size": 41812,
          "url": "https://libraries.minecraft.net/org/lwjgl/lwjgl-tinyfd/3.3.2/lwjgl-tinyfd-3.3.2-natives-macos-arm64.jar"
        }
      },
      "name": "org.lwjgl:lwjgl-tinyfd:3.3.2:natives-macos-arm64",
      "rules": [
        {
          "action": "allow",
          "os": {
            "name": "osx"
          }
        }
      ]
    },
    {
      "downloads": {
        "artifact": {
          "path": "org/lwjgl/lwjgl-tinyfd/3.3.2/lwjgl-tinyfd-3.3.2-natives-windows.jar",
          "sha1": "54a93ed247d20007a6f579355263fdc2c030753a",
          "size": 130126,
          "url": "https://libraries.minecraft.net/org/lwjgl/lwjgl-tinyfd/3.3.2/lwjgl-tinyfd-3.3.2-natives-windows.jar"
        }
      },
      "name": "org.lwjgl:lwjgl-tinyfd:3.3.2:natives-windows",
      "rules": [
        {
          "action": "allow",
          "os": {
            "name": "windows"
          }
        }
      ]
    },
    {
      "downloads": {
        "artifact": {
          "path": "org/lwjgl/lwjgl-opengl/3.3.2/lwjgl-opengl-3.3.2-natives-linux.jar",
          "sha1": "b8368430ef0d91a5acbc6fbfa47b20c3ec083aec",
          "size": 80464,
          "url": "https://libraries.minecraft.net/org/lwjgl/lwjgl-opengl/3.3.2/lwjgl-opengl-3.3.2-natives-linux.jar"
        }
      },
      "name": "org.lwjgl:lwjgl-opengl:3.3.2:natives-linux",
      "rules": [
        {
          "action": "allow",
          "os": {
            "name": "linux"
          }
        }
      ]
    },
    {
      "downloads": {
        "artifact": {
          "path": "org/lwjgl/lwjgl-opengl/3.3.2/lwjgl-opengl-3.3.2-natives-macos.jar",
          "sha1": "05141389ca737369f317b1288a570534c40db9cf",
          "size": 41485,
          "url": "https://libraries.minecraft.net/org/lwjgl/lwjgl-opengl/3.3.2/lwjgl-opengl-3.3.2-natives-macos.jar"
        }
      },
      "name": "org.lwjgl:lwjgl-opengl:3.3.2:natives-macos",
      "rules": [
        {
          "action": "allow",
          "os": {
            "name": "osx"
          }
        }
      ]
    },
    {
      "downloads": {
        "artifact": {
          "path": "org/lwjgl/lwjgl-opengl/3.3.2/lwjgl-opengl-3.3.2-natives-macos-arm64.jar",
          "sha1": "baadfd67936dcd7e0334dd3a9cf8dd13a0bcb009",
          "size": 42490,
          "url": "https://libraries.minecraft.net/org/lwjgl/lwjgl-opengl/3.3.2/lwjgl-opengl-3.3.2-natives-macos-arm64.jar"
        }
      },
      "name": "org.lwjgl:lwjgl-opengl:3.3.2:natives-macos-arm64",
      "rules": [
        {
          "action": "allow",
          "os": {
            "name": "osx"
          }
        }
      ]
    },
    {
      "downloads": {
        "artifact": {
          "path": "org/lwjgl/lwjgl-opengl/3.3.2/lwjgl-opengl-3.3.2-natives-windows.jar",
          "sha1": "83cd34469d4e0bc335bf74c7f62206530a9480bf",
          "size": 101530,
          "url": "https://libraries.minecraft.net/org/lwjgl/lwjgl-opengl/3.3.2/lwjgl-opengl-3.3.2-natives-windows.jar"
        }
      },
      "name": "org.lwjgl:lwjgl-opengl:3.3.2:natives-windows",
      "rules": [
        {
          "action": "allow",
          "os": {
            "name": "windows"
          }
        }
      ]
    },
    {
      "downloads": {
        "artifact": {
          "path": "org/lwjgl/lwjgl-opengl/3.3.2/lwjgl-opengl-3.3.2-natives-windows-arm64.jar",
          "sha1": "21df035bf03dbf5001f92291b24dc951da513481",
          "size": 83132,
          "url": "https://libraries.minecraft.net/org/lwjgl/lwjgl-opengl/3.3.2/lwjgl-opengl-3.3.2-natives-windows-arm64.jar"
        }
      },
      "name": "org.lwjgl:lwjgl-opengl:3.3.2:natives-windows-arm64",
      "rules": [
        {
          "action": "allow",
          "os": {
            "name": "windows"
          }
        }
      ]
    },
    {
      "downloads": {
        "artifact": {
          "path": "org/lwjgl/lwjgl-opengl/3.3.2/lwjgl-opengl-3.3.2-natives-windows-x86.jar",
          "sha1": "22fa4149159154b24f6c1bd46a342d4958a9fba1",
          "size": 88610,
          "url": "https://libraries.minecraft.net/org/lwjgl/lwjgl-opengl/3.3.2/lwjgl-opengl-3.3.2-natives-windows-x86.jar"
        }
      },
      "name": "org.lwjgl:lwjgl-opengl:3.3.2:natives-windows-x86",
      "rules": [
        {
          "action": "allow",
          "os": {
            "name": "windows"
          }
        }
      ]
    },
    {
      "downloads": {
        "artifact": {
          "path": "org/lwjgl/lwjgl-openal/3.3.2/lwjgl-openal-3.3.2-natives-linux.jar",
          "sha1": "650981780b8bbfb3ce43657b22ec8e77bfb1f37a",
          "size": 579919,
          "url": "https://libraries.minecraft.net/org/lwjgl/lwjgl-openal/3.3.2/lwjgl-openal-3.3.2-natives-linux.jar"
        }
      },
      "name": "org.lwjgl:lwjgl-openal:3.3.2:natives-linux",
      "rules": [
        {
          "action": "allow",
          "os": {
            "name": "linux"
          }
        }
      ]
    },
    {
      "downloads": {
        "artifact": {
          "path": "org/lwjgl/lwjgl-openal/3.3.2/lwjgl-openal-3.3.2-natives-macos.jar",
          "sha1": "56fa16d15039142634e3a6d97d638b56679be821",
          "size": 515159,
          "url": "https://libraries.minecraft.net/org/lwjgl/lwjgl-openal/3.3.2/lwjgl-openal-3.3.2-natives-macos.jar"
        }
      },
      "name": "org.lwjgl:lwjgl-openal:3.3.2:natives-macos",
      "rules": [
        {
          "action": "allow",
          "os": {
            "name": "osx"
          }
        }
      ]
    },
    {
      "downloads": {
        "artifact": {
          "path": "org/lwjgl/lwjgl-openal/3.3.2/lwjgl-openal-3.3.2-natives-macos-arm64.jar",
          "sha1": "7b43d16069bdabc9ca0923ec8756a51c5d61cb75",
          "size": 467151,
          "url": "https://libraries.minecraft.net/org/lwjgl/lwjgl-openal/3.3.2/lwjgl-openal-3.3.2-natives-macos-arm64.jar"
        }
      },
      "name": "org.lwjgl:lwjgl-openal:3.3.2:natives-macos-arm64",
      "rules": [
        {
          "action": "allow",
          "os": {
            "name": "osx"
          }
        }
      ]
    },
    {
      "downloads": {
        "artifact": {
          "path": "org/lwjgl/lwjgl-openal/3.3.2/lwjgl-openal-3.3.2-natives-windows.jar",
          "sha1": "e74f299a602192faaf14b917632e4cbbb493c940",
          "size": 694908,
          "url": "https://libraries.minecraft.net/org/lwjgl/lwjgl-openal/3.3.2/lwjgl-openal-3.3.2-natives-windows.jar"
        }
      },
      "name": "org.lwjgl:lwjgl-openal:3.3.2:natives-windows",
      "rules": [
        {
          "action": "allow",
          "os": {
            "name": "windows"
          }
        }
      ]
    },
    {
      "downloads": {
        "artifact": {
          "path": "org/lwjgl/lwjgl-openal/3.3.2/lwjgl-openal-3.3.2-natives-windows-arm64.jar",
          "sha1": "545ddec7959007a78b6662d616e00dacf00e1c29",
          "size": 627059,
          "url": "https://libraries.minecraft.net/org/lwjgl/lwjgl-openal/3.3.2/lwjgl-openal-3.3.2-natives-windows-arm64.jar"
        }
      },
      "name": "org.lwjgl:lwjgl-openal:3.3.2:natives-windows-arm64",
      "rules": [
        {
          "action": "allow",
          "os": {
            "name": "windows"
          }
        }
      ]
    },
    {
      "downloads": {
        "artifact": {
          "path": "org/lwjgl/lwjgl-openal/3.3.2/lwjgl-openal-3.3.2-natives-windows-x86.jar",
          "sha1": "21fcb44d32ccf101017ec939fc740197677557d5",
          "size": 636273,
          "url": "https://libraries.minecraft.net/org/lwjgl/lwjgl-openal/3.3.2/lwjgl-openal-3.3.2-natives-windows-x86.jar"
        }
      },
      "name": "org.lwjgl:lwjgl-openal:3.3.2:natives-windows-x86",
      "rules": [
        {
          "action": "allow",
          "os": {
            "name": "windows"
          }
        }
      ]
    },
    {
      "downloads": {
        "artifact": {
          "path": "org/lwjgl/lwjgl-glfw/3.3.2/lwjgl-glfw-3.3.2-natives-linux.jar",
          "sha1": "0766bb0e8e829598b1c8052fd8173c62af741c52",
          "size": 115553,
          "url": "https://libraries.minecraft.net/org/lwjgl/lwjgl-glfw/3.3.2/lwjgl-glfw-3.3.2-natives-linux.jar"
        }
      },
      "name": "org.lwjgl:lwjgl-glfw:3.3.2:natives-linux",
      "rules": [
        {
          "action": "allow",
          "os": {
            "name": "linux"
          }
        }
      ]
    },
    {
      "downloads": {
        "artifact": {
          "path": "org/lwjgl/lwjgl-glfw/3.3.2/lwjgl-glfw-3.3.2-natives-macos.jar",
          "sha1": "8223ba1b757c43624f03b09ab9d9228c7f6db001",
          "size": 140627,
          "url": "https://libraries.minecraft.net/org/lwjgl/lwjgl-glfw/3.3.2/lwjgl-glfw-3.3.2-natives-macos.jar"
        }
      },
      "name": "org.lwjgl:lwjgl-glfw:3.3.2:natives-macos",
      "rules": [
        {
          "action": "allow",
          "os": {
            "name": "osx"
          }
        }
      ]
    },
    {
      "downloads": {
        "artifact": {
          "path": "org/lwjgl/lwjgl-glfw/3.3.2/lwjgl-glfw-3.3.2-natives-macos-arm64.jar",
          "sha1": "7e35644de1bf324ca9b7d52acd6e0b8d9a6da4ad",
          "size": 137535,
          "url": "https://libraries.minecraft.net/org/lwjgl/lwjgl-glfw/3.3.2/lwjgl-glfw-3.3.2-natives-macos-arm64.jar"
        }
      },
      "name": "org.lwjgl:lwjgl-glfw:3.3.2:natives-macos-arm64",
      "rules": [
        {
          "action": "allow",
          "os": {
            "name": "osx"
          }
        }
      ]
    },
	  
	  
	  
	  
      {
         "downloads":{
            "artifact":{
               "path":"tv/twitch/twitch/6.5/twitch-6.5.jar",
               "sha1":"320a2dfd18513a5f41b4e75729df684488cbd925",
               "size":55977,
               "url":"https://libraries.minecraft.net/tv/twitch/twitch/6.5/twitch-6.5.jar"
            }
         },
         "name":"tv.twitch:twitch:6.5"
      },
      {
         "downloads":{
            "classifiers":{
               "natives-osx":{
                  "path":"tv/twitch/twitch-platform/6.5/twitch-platform-6.5-natives-osx.jar",
                  "sha1":"5f9d1ee26257b3a33f0ca06fed335ef462af659f",
                  "size":455359,
                  "url":"https://libraries.minecraft.net/tv/twitch/twitch-platform/6.5/twitch-platform-6.5-natives-osx.jar"
               },
               "natives-windows-32":{
                  "path":"tv/twitch/twitch-platform/6.5/twitch-platform-6.5-natives-windows-32.jar",
                  "sha1":"206c4ccaecdbcfd2a1631150c69a97bbc9c20c11",
                  "size":474225,
                  "url":"https://libraries.minecraft.net/tv/twitch/twitch-platform/6.5/twitch-platform-6.5-natives-windows-32.jar"
               },
               "natives-windows-64":{
                  "path":"tv/twitch/twitch-platform/6.5/twitch-platform-6.5-natives-windows-64.jar",
                  "sha1":"9fdd0fd5aed0817063dcf95b69349a171f447ebd",
                  "size":580098,
                  "url":"https://libraries.minecraft.net/tv/twitch/twitch-platform/6.5/twitch-platform-6.5-natives-windows-64.jar"
               }
            }
         },
         "extract":{
            "exclude":[
               "META-INF/"
            ]
         },
         "name":"tv.twitch:twitch-platform:6.5",
         "natives":{
            "linux":"natives-linux",
            "osx":"natives-osx",
            "windows":"natives-windows-${arch}"
         },
         "rules":[
            {
               "action":"allow"
            },
            {
               "action":"disallow",
               "os":{
                  "name":"linux"
               }
            }
         ]
      },
      {
         "downloads":{
            "classifiers":{
               "natives-windows-32":{
                  "path":"tv/twitch/twitch-external-platform/4.5/twitch-external-platform-4.5-natives-windows-32.jar",
                  "sha1":"18215140f010c05b9f86ef6f0f8871954d2ccebf",
                  "size":5654047,
                  "url":"https://libraries.minecraft.net/tv/twitch/twitch-external-platform/4.5/twitch-external-platform-4.5-natives-windows-32.jar"
               },
               "natives-windows-64":{
                  "path":"tv/twitch/twitch-external-platform/4.5/twitch-external-platform-4.5-natives-windows-64.jar",
                  "sha1":"c3cde57891b935d41b6680a9c5e1502eeab76d86",
                  "size":7457619,
                  "url":"https://libraries.minecraft.net/tv/twitch/twitch-external-platform/4.5/twitch-external-platform-4.5-natives-windows-64.jar"
               }
            }
         },
         "extract":{
            "exclude":[
               "META-INF/"
            ]
         },
         "name":"tv.twitch:twitch-external-platform:4.5",
         "natives":{
            "windows":"natives-windows-${arch}"
         },
         "rules":[
            {
               "action":"allow",
               "os":{
                  "name":"windows"
               }
            }
         ]
      }
   ],
  "assetIndex": {
    "id": "1.8",
    "sha1": "f6ad102bcaa53b1a58358f16e376d548d44933ec",
    "size": 78494,
    "totalSize": 114885064,
    "url": "https://launchermeta.mojang.com/v1/packages/f6ad102bcaa53b1a58358f16e376d548d44933ec/1.8.json"
  },
  "logging": {
    "client": {
      "argument": "-Dlog4j.configurationFile=${path}",
      "file": {
        "id": "client-1.7.xml",
        "sha1": "14fedd49897b3f6160975bdf3a53e1e7eab71d29",
        "size": 962,
        "url": "https://launcher.mojang.com/v1/objects/14fedd49897b3f6160975bdf3a53e1e7eab71d29/client-1.7.xml"
      },
      "type": "log4j2-xml"
    }
  }
}